RAUMID;Bezirk;Prognoseraum;Bezirksregion;Planungsraum;2001;2002;2003;2004;2005;2006;2007;2008;2009;2010;2011;2012;2013;2014;2015;2016;2017;2018
01011101;Mitte;Zentrum;Tiergarten Süd;Stülerstr.;3412;3386;3297;3238;3273;3302;3300;3140;2930;2672;2765;2930;3060;3114;3090;3114;3225;3384
01011102;Mitte;;;Großer Tiergarten;208;216;201;202;189;200;189;184;184;171;176;180;184;194;202;192;185;196
01011103;Mitte;;;Lützowstr.;4976;4896;4722;4736;4768;4718;4723;4712;4626;4816;4768;4818;4880;5130;5489;5518;5173;5038
01011104;Mitte;;;Körnerstr.;3781;3819;3825;3781;3756;3782;3779;3747;3690;3680;3809;3913;4173;4403;4560;4704;4786;4759
01011105;Mitte;;;Nördl. Landwehrkanal;541;568;575;612;661;775;837;875;843;799;901;996;1098;1097;1110;1135;1225;1421
01011201;Mitte;;Regierungsviertel;Wilhelmstr.;2497;2439;2359;2279;2233;2226;2213;2120;2063;2033;2099;2078;2071;2055;2026;2190;2310;2405
01011202;Mitte;;;Unter den Linden Nord;365;380;389;396;431;462;433;456;443;444;479;472;502;498;549;608;607;632
01011203;Mitte;;;Unter den Linden Süd;1058;1047;1051;1002;989;983;982;934;862;802;809;854;890;932;962;1004;1086;1115
01011204;Mitte;;;Leipziger Str.;5457;5529;5611;5589;5614;5617;5593;5693;5661;5504;5667;5822;5959;6424;6765;7463;7869;8279
01011301;Mitte;;Alexanderplatz;Charitéviertel;4085;4122;3978;4089;4332;4403;4473;4565;4573;4619;4722;4902;5141;5597;6173;6431;6781;6919
01011302;Mitte;;;Oranienburger Str.;10729;10967;10957;11234;11491;11664;11728;11793;11835;11808;11879;12078;12118;12137;12281;12535;12677;12572
01011303;Mitte;;;Alexanderplatzviertel;7719;7674;7740;8100;8208;8134;7993;8032;8045;8107;8192;8141;8359;8608;8886;9536;9898;9999
01011304;Mitte;;;Karl-Marx-Allee;8343;8327;8111;7859;7947;8193;8188;8237;8298;8168;8171;8279;8298;8424;8479;8607;8666;8761
01011305;Mitte;;;Heine-Viertel West;6360;6235;6150;6198;6214;6260;6165;6079;5996;6018;6259;6363;6693;7075;7281;7617;7833;8243
01011306;Mitte;;;Heine-Viertel Ost;7000;7172;7170;7245;7361;7433;7356;7348;7361;7376;7579;7857;8130;8616;8861;9530;10328;10607
01011401;Mitte;;Brunnenstr. Süd;Invalidenstr.;11183;11479;11477;11868;12327;13001;12891;12995;13280;13363;13743;14026;14791;15235;15751;16331;17364;17948
01011402;Mitte;;;Arkonaplatz;9716;9967;10019;10332;10641;11030;10855;11018;11265;11254;11606;12025;12343;12666;13014;13341;13507;13645
01022101;Mitte;Moabit;Moabit West;Huttenkiez;2805;2856;2834;2780;2752;2796;2899;2873;2924;2993;3080;3142;3339;3390;3451;3522;3627;3557
01022102;Mitte;;;Beusselkiez;5732;5631;5488;5513;5625;5606;5548;5480;5577;5556;5782;5849;6075;6255;6336;6374;6517;6709
01022103;Mitte;;;Westhafen;194;172;116;142;145;141;172;163;182;173;192;220;232;253;251;258;258;272
01022104;Mitte;;;Emdener Str.;16924;16917;16696;16474;16457;16622;16487;16420;16512;16727;16874;17089;17403;17806;18040;18377;18820;18974
01022105;Mitte;;;Zwinglistr.;4390;4407;4300;4443;4550;4634;4535;4423;4548;4658;4815;4887;4980;5105;5272;5299;5354;5426
01022106;Mitte;;;Elberfelder Str.;10836;10779;10701;10710;10722;10763;10843;10696;10774;10730;10841;10959;11517;11731;11547;11799;11463;11421
01022201;Mitte;;Moabit Ost;Stephankiez;9856;9871;9733;9730;9617;9590;9770;9660;9730;9623;9844;10000;10344;10469;10783;11292;11020;11027
01022202;Mitte;;;Heidestr.;1581;1473;1471;1445;1422;1431;1412;1454;1428;1425;1456;1492;1490;1448;1478;1488;1618;2495
01022203;Mitte;;;Lübecker Str.;6162;6228;6129;6144;6256;6257;6212;6294;6362;6328;6457;6751;6549;6773;6886;6969;7122;7083
01022204;Mitte;;;Thomasiusstr.;5695;5709;5599;5634;5646;5622;5642;5530;5516;5529;5553;5677;5696;5826;5877;5824;6010;6236
01022205;Mitte;;;Zillesiedlung;3163;3199;3177;3030;2921;2916;3009;2993;2997;3057;3027;3063;3125;3207;3236;3311;3329;3349
01022206;Mitte;;;Lüneburger Str.;2951;2979;2865;2805;2795;2890;2962;2940;2875;2914;2990;3016;3085;3060;3030;3027;3012;3044
01022207;Mitte;;;Hansaviertel;5970;6032;5949;5918;5945;5913;6001;5777;5800;5606;5538;5366;5390;5477;5671;5630;5727;5771
01033101;Mitte;Gesundbrunnen;Osloer Straße;Soldiner Str.;22102;22011;21837;21838;21737;22064;22163;22474;22780;23057;23939;24632;25356;25947;26582;26841;26808;27088
01033102;Mitte;;;Gesundbrunnen;10196;10084;10039;9978;9982;10285;10473;10513;10806;10700;10870;11030;11302;11586;11672;11837;12120;12063
01033201;Mitte;;Brunnenstr. Nord;Brunnenstr.;12378;12521;12309;12168;12205;12464;12380;12349;12585;12612;12707;12778;12800;12885;12988;13361;13477;13919
01033202;Mitte;;;Humboldthain Süd;9503;9461;9321;9099;9039;9176;9202;9273;9356;9361;9483;9611;9632;9697;9780;9726;9789;10273
01033203;Mitte;;;Humboldthain NW;12501;12586;12557;12396;12449;12422;12567;12585;12809;12722;12893;13179;13628;13891;14165;14478;14473;14684
01044101;Mitte;Wedding;Parkviertel;Rehberge;17612;17598;17426;17575;17567;17695;17837;17988;18495;18557;18922;19210;19497;19903;20282;20722;20920;21023
01044102;Mitte;;;Schillerpark;14762;14715;14490;14277;14387;14521;14466;14653;14717;14863;14927;15069;15373;15792;15958;16238;16420;16630
01044103;Mitte;;;Westl. Müllerstr.;6826;6893;6866;6968;7114;7230;7300;7332;7472;7331;7464;7738;7912;8076;8131;8589;8676;8684
01044201;Mitte;;Wedding Zentrum;Reinickendorfer Str.;19704;19647;19616;19668;19742;19872;20165;20258;20929;20952;21534;22224;22719;23103;23529;23424;24302;24356
01044202;Mitte;;;Sparrplatz;14362;14362;14355;14473;14585;14693;14842;14840;15144;14982;15333;15894;16329;16636;16699;16703;16926;17122
01044203;Mitte;;;Leopoldplatz;14447;14330;14161;14078;14180;14377;14432;14408;14809;14560;15007;15364;15639;15985;16113;16462;16657;16328
02010101;Friedrichshain-Kreuzberg;Kreuzberg Nord;Südliche Friedrichstadt;Askanischer Platz;6642;6576;6675;6626;6490;6506;6404;6320;6126;6059;6086;6025;6204;6106;6133;6481;6647;6823
02010102;Friedrichshain-Kreuzberg;;;Mehringplatz;12840;12869;12788;12829;12824;12766;12767;12786;12680;12610;12661;12831;12974;13047;13405;13278;13433;13693
02010103;Friedrichshain-Kreuzberg;;;Moritzplatz;13919;13950;14127;14227;14230;14328;14508;14652;14660;14747;15131;15351;15529;15589;15524;15593;15380;15302
02010104;Friedrichshain-Kreuzberg;;;Wassertorplatz;5038;5093;5073;5016;4959;4948;4938;4995;4848;4927;4994;5031;5134;5145;5066;5044;5015;5086
02020201;Friedrichshain-Kreuzberg;Kreuzberg Süd;Tempelhofer Vorstadt;Gleisdreieck/           Entwicklungsgebiet;206;236;281;288;317;320;295;292;288;266;276;278;283;284;643;911;976;1790
02020202;Friedrichshain-Kreuzberg;;;Rathaus Yorckstraße;5288;5275;5261;5324;5421;5557;5558;5628;5469;5431;5505;5650;5764;5726;5832;5990;5998;6099
02020203;Friedrichshain-Kreuzberg;;;Viktoriapark;9453;9445;9461;9562;9646;9724;9768;9827;9792;9791;9915;10169;10537;10668;10696;10886;10920;11056
02020204;Friedrichshain-Kreuzberg;;;Urbanstraße;11745;11789;11860;11837;11732;11938;11990;11989;11698;11628;11859;11894;12093;12195;12215;12326;12564;12808
02020205;Friedrichshain-Kreuzberg;;;Chamissokiez;14338;14333;14414;14488;14602;14707;14747;14723;14449;14373;14535;14827;14932;14837;14982;14892;15003;15107
02020206;Friedrichshain-Kreuzberg;;;Graefekiez;18190;18003;17953;18033;18088;18213;18126;18099;17806;18017;18318;18748;18904;18928;19172;19052;19041;19040
02030301;Friedrichshain-Kreuzberg;Kreuzberg Ost;nördliche Luisenstadt;Oranienplatz;9054;9079;9191;9307;9289;9297;9286;9344;9165;9097;9130;9295;9321;9216;9186;9092;9040;8996
02030302;Friedrichshain-Kreuzberg;;;Lausitzer Platz;13155;12967;12985;12898;12844;13002;13055;13160;13084;12981;13134;13222;13311;13282;13205;13166;13131;13131
02030401;Friedrichshain-Kreuzberg;;südliche Luisenstadt;Reichenberger Straße;14456;14670;14693;14927;14855;14974;14885;14914;14799;14635;14793;14933;15086;15222;15076;15156;15264;15263
02030402;Friedrichshain-Kreuzberg;;;Wrangelkiez;11310;11331;11276;11404;11465;11518;11352;11369;11238;11056;11195;11312;11358;11273;11229;11083;11118;11172
02040501;Friedrichshain-Kreuzberg;Friedrichshain West;Karl-Marx-Allee-Nord;Barnimkiez;5707;5655;5497;5495;5551;5528;5526;5525;5418;5380;5371;5324;5343;5410;5455;5381;5397;5390
02040502;Friedrichshain-Kreuzberg;;;Friedenstraße;6289;6309;6339;6290;6364;6453;6388;6472;6604;6672;6731;6834;6876;7118;7146;7181;7269;7443
02040503;Friedrichshain-Kreuzberg;;;Richard-Sorge-Viertel;8602;8715;8740;8896;9051;9141;9309;9355;9469;9849;10114;10271;10520;10680;10815;10976;11101;11157
02040701;Friedrichshain-Kreuzberg;;Karl-Marx-Allee-Süd;Andreasviertel;11387;11333;11331;11334;11287;11373;11580;11782;11571;11765;12087;12236;12267;12266;12260;12331;12528;13151
02040702;Friedrichshain-Kreuzberg;;;Weberwiese;8858;8906;9113;9266;9512;9770;9890;9968;9974;10114;10218;10433;10629;10677;10686;10714;10764;10973
02040703;Friedrichshain-Kreuzberg;;;Wriezener Bahnhof/          Entwicklungsgebiet;814;689;578;397;357;392;530;526;493;472;502;591;717;855;1077;1145;1170;1155
02050601;Friedrichshain-Kreuzberg;Friedrichshain Ost;Frankfurter Allee Nord;Hausburgviertel;7027;7339;7453;7764;7779;7985;8090;8111;8016;8137;8426;8580;8707;8752;8817;8900;8948;9124
02050602;Friedrichshain-Kreuzberg;;;Samariterviertel;14878;15398;15985;16444;17087;17633;17796;18022;18014;18179;18603;18718;19172;19631;20396;21064;21484;21730
02050801;Friedrichshain-Kreuzberg;;Frankfurter Allee Süd FK;Traveplatz;14662;15000;15126;15318;15883;16649;17077;17312;17191;17419;17724;18227;18462;18811;18946;19093;19292;20028
02050802;Friedrichshain-Kreuzberg;;;Boxhagener Platz;14796;15186;15533;16427;17535;18061;18168;18434;18331;18519;18781;19152;19578;19841;19985;20431;20813;21280
02050803;Friedrichshain-Kreuzberg;;;Stralauer Kiez;5390;5506;5653;5774;5858;6031;6056;6153;6140;6175;6275;6412;6545;6632;6716;6986;7208;7598
02050804;Friedrichshain-Kreuzberg;;;Stralauer Halbinsel;1664;1853;1886;1895;2158;2261;2352;2499;2644;2791;2997;3127;3271;3500;3730;4171;4470;4725
03010101;Pankow;Buch;Buch;Bucher Forst;2890;2818;2851;2833;2791;2735;2781;2848;2820;2871;2836;2869;2848;3297;3687;3928;4036;4119
03010102;Pankow;;;Buch;10653;10581;10725;10698;10558;10253;10246;10515;10513;10209;9838;10095;10850;11207;11707;11685;12319;12348
03010104;Pankow;;;Lietzengraben;170;176;190;190;195;209;188;189;193;190;190;193;209;213;208;227;229;239
03020203;Pankow;Nördliches Pankow;Blankenfelde/Niederschönhausen;Blankenfelde;1838;1845;1859;1868;1868;1919;1920;1911;1910;1901;1882;1958;2020;2069;2094;2116;2169;2285
03020209;Pankow;;;Niederschönhausen;11568;11731;11959;12091;12187;12358;12426;12605;12712;12958;13180;13583;13802;14031;14386;14726;14963;14967
03020210;Pankow;;;Herthaplatz;8650;8775;8871;8936;9147;9348;9473;9543;9635;9604;9966;10134;10304;10429;10628;11132;11290;11488
03020307;Pankow;;Buchholz;Buchholz;15325;15403;15530;15618;15505;15726;15993;16396;16467;16536;16724;16875;17080;17218;17517;17930;18246;18304
03030405;Pankow;Nördliches Weißensee;Karow;Karow-Nord;10349;10163;9809;9423;9133;9103;9771;10347;10432;10639;10712;10558;10553;10576;10654;10986;11426;11352
03030406;Pankow;;;Alt-Karow;7491;7648;7695;7812;7988;8083;8237;8175;8170;8185;8105;8050;8073;8157;8136;8245;8185;8225
03030711;Pankow;;Blankenburg/Heinersdorf/Märchenland;Blankenburg;6186;6252;6345;6466;6530;6555;6576;6499;6472;6494;6533;6527;6592;6745;6781;6810;6855;6869
03030715;Pankow;;;Heinersdorf;6102;6321;6325;6312;6320;6417;6534;6569;6551;6541;6492;6516;6529;6583;6789;7388;7509;7664
03030716;Pankow;;;Märchenland;1216;1223;1220;1212;1195;1180;1171;1156;1153;1146;1123;1133;1124;1128;1145;1138;1123;1131
03040508;Pankow;Südliches Pankow;Pankow Süd;Pankow-Süd;3933;3919;3984;4035;4059;4176;4197;4349;4385;4407;4500;4420;4497;4587;4592;4530;4611;4588
03040512;Pankow;;Schönholz/Wilhelmsruh/Rosenthal;Rosenthal;8740;8832;8869;8944;8947;9069;9146;9175;9192;9302;9317;9398;9511;9520;9620;9783;9826;10074
03040513;Pankow;;;Wilhelmsruh;2631;2636;2772;2903;2937;2946;2999;3033;3113;3158;3247;3295;3308;3357;3390;3412;3386;3356
03040614;Pankow;;;Schönholz;28736;29744;30173;30330;30607;30954;31062;31136;31176;31699;32184;32896;33719;34233;35043;35308;35951;36487
03040818;Pankow;;Pankow Zentrum;Pankow-Zentrum;30796;31163;31153;30955;30873;31113;31268;31452;31349;31314;31621;32163;32883;33714;33827;34314;34461;34800
03050919;Pankow;Südliches Weißensee;Weißensee;Gustav-Adolf-Straße;4746;4657;4622;4571;4525;4443;4404;4875;4836;4872;4846;4839;4858;5320;5565;5564;5583;5583
03050920;Pankow;;;Weißer See;5693;5696;5667;5628;5651;5755;5760;5802;5858;6200;6309;6500;6684;7024;7283;7397;7383;7430
03050923;Pankow;;;Weißenseer Spitze;7181;7053;7145;7389;7324;7468;7584;7721;7730;7910;8031;8302;8546;8772;8909;9098;9385;9674
03050924;Pankow;;;Behaimstraße;4534;4576;4510;4606;4708;4937;4984;5194;5098;5221;5288;5416;5550;5647;5701;5883;6091;6140
03050925;Pankow;;;Komponistenviertel Weißensee;7250;7372;7360;7408;7383;7545;7710;7805;7954;8121;8207;8369;8459;8679;9039;9468;9692;9755
03051017;Pankow;;Weißensee Ost;Rennbahnstraße;3647;3600;3729;3755;3774;3846;3876;3813;3934;4024;4057;4129;3987;4123;4175;4247;4236;4250
03051021;Pankow;;;Buschallee;6398;6291;6242;6200;6110;6122;6194;6293;6178;6313;6416;6450;6485;6484;6518;6503;6506;6468
03051022;Pankow;;;Hansastraße;4805;4660;4518;4513;4427;4442;4447;4494;4561;4526;4539;4575;4487;4518;4509;4527;4561;4651
03061126;Pankow;Nördlicher Prenzl. Berg;Prenzlauer Berg Nordwest;Arnimplatz;12676;12916;12874;13135;13429;13639;13785;13622;13277;13450;13819;14273;14851;14997;14985;15187;15220;15688
03061131;Pankow;;;Falkplatz;8616;8801;8820;9130;9346;9594;9734;9606;9094;9386;9596;9689;9935;10185;10171;10521;10691;10755
03061227;Pankow;;Prenzlauer Berg Nord;Humannplatz;12842;12853;12995;13166;13254;13492;13536;13438;13123;13341;13803;14040;14302;14413;14452;14520;14581;14649
03061228;Pankow;;;Erich-Weinert-Straße;10809;10960;10903;10940;11523;11719;11932;11777;11739;11866;11983;12001;11993;12386;12451;12619;12640;12787
03061332;Pankow;;Helmholtzplatz;Helmholtzplatz;17626;18031;18500;19174;19864;20354;20791;20699;20009;20543;20950;21490;21964;22245;22264;22519;22670;22873
03061429;Pankow;;Prenzlauer Berg Ost;Greifswalder Straße;10553;10438;10469;10326;10303;10132;10167;10138;10077;10067;10111;10088;10100;10163;10024;10082;10058;10001
03061430;Pankow;;;Volkspark Prenzlauer Berg;3576;3181;2838;2814;2828;2893;2823;2855;2846;2903;2891;2885;2915;2971;3371;3921;3871;4126
03061434;Pankow;;;Anton-Saefkow-Park;5292;5292;5319;5508;5567;5145;5042;4919;5361;5611;5693;5939;6045;6078;6133;6238;6317;6472
03061435;Pankow;;;Conrad-Blenkle-Straße;3497;3680;3658;3674;3841;3816;3893;3861;3823;3839;3824;3868;3899;3925;3891;3875;3898;3941
03061441;Pankow;;;Eldenaer Straße;3;410;432;421;426;434;469;578;894;1300;1659;1842;2065;2342;2464;2560;2589;2660
03071536;Pankow;Südlicher Prenzl. Berg;Prenzlauer Berg Südwest;Teutoburger Platz;8218;8586;8814;8989;9251;9510;9747;9795;9369;9767;10070;10323;10555;10661;10642;10747;10864;11137
03071537;Pankow;;;Kollwitzplatz;12637;12656;12918;13306;13466;13775;13996;13882;13415;13797;14023;14314;14442;14511;14998;15635;15674;16027
03071633;Pankow;;Prenzlauer Berg Süd;Thälmannpark;2635;2626;2650;2571;2590;2565;2593;2531;2514;2509;2482;2711;2691;2736;2846;3010;3188;3229
03071638;Pankow;;;Winsstraße;13638;13885;14039;14409;14564;15013;15400;15559;15308;15634;16093;16365;16620;16800;17062;17260;17526;17709
03071639;Pankow;;;Bötzowstraße;9943;10015;10257;10605;10958;11278;11696;11776;11470;11663;11881;11866;12197;12323;12319;12367;12480;12738
04010101;Charlottenburg-Wilmersdorf;CW1;Charlottenburg-Nord;Jungfernheide;9809;9653;9666;9572;9586;9447;9508;9697;9747;9706;9908;10054;10203;10339;10604;11043;10656;10785
04010102;Charlottenburg-Wilmersdorf;;;Plötzensee;875;833;790;811;789;739;737;708;742;749;704;753;791;772;811;895;919;812
04010103;Charlottenburg-Wilmersdorf;;;Paul-Hertz-Siedlung;7275;7177;7168;7126;7077;7058;7038;7040;7184;7198;7304;7489;7567;7631;7707;7771;7876;7881
04020204;Charlottenburg-Wilmersdorf;CW2;Heerstrasse;Olympiagelände;130;132;120;120;124;126;132;134;132;140;128;129;111;115;183;199;187;181
04020205;Charlottenburg-Wilmersdorf;;;Siedlung Ruhleben;1345;1311;1314;1317;1314;1282;1260;1267;1232;1234;1222;1242;1253;1264;1282;1329;1347;1329
04020206;Charlottenburg-Wilmersdorf;;;Angerburger Allee;2153;2098;2010;1993;2046;2248;2507;2599;2582;2550;2573;2584;2578;2570;2583;2754;2800;2869
04020207;Charlottenburg-Wilmersdorf;;;Flatowallee;2396;2321;2355;2403;2444;2511;2426;2459;2577;2616;2580;2678;2662;2624;2584;2532;2558;2559
04020208;Charlottenburg-Wilmersdorf;;;Kranzallee;2736;2769;2740;2711;2759;2778;2742;2701;2767;2729;2796;2845;2911;2846;2846;2878;2912;2922
04020209;Charlottenburg-Wilmersdorf;;;Eichkamp;3064;3122;3196;3143;3148;3164;3120;3134;3167;3104;3099;3142;3122;3128;3147;3189;3195;3214
04020310;Charlottenburg-Wilmersdorf;;Westend;Park Ruhwald;753;738;729;756;739;718;706;671;649;607;578;585;607;600;623;602;624;616
04020311;Charlottenburg-Wilmersdorf;;;Reichsstraße;13476;13521;13486;13517;13572;13533;13656;13696;13597;13750;13896;13953;14172;14153;14269;14756;14969;15071
04020312;Charlottenburg-Wilmersdorf;;;Branitzer Platz;4757;4708;4723;4679;4655;4698;4754;4767;4765;4781;4857;4877;4957;5036;5273;5467;5498;5552
04020313;Charlottenburg-Wilmersdorf;;;Königin-Elisabeth-Straße;6418;6413;6411;6329;6380;6447;6405;6456;6448;6486;6763;6897;7251;7346;7443;7530;7620;7452
04020314;Charlottenburg-Wilmersdorf;;;Messegelände;12;9;10;12;10;9;10;12;6;10;9;12;12;9;15;436;8;12
04030415;Charlottenburg-Wilmersdorf;CW3;Schloß Charlottenburg;Schloßgarten;2495;2484;2429;2354;2284;2339;2448;2518;2599;2556;2649;2669;2738;2750;2762;2837;2975;3048
04030416;Charlottenburg-Wilmersdorf;;;Klausenerplatz;9870;9802;9818;9849;9852;9887;9807;9837;9956;9946;10154;10210;10293;10276;10489;10655;10570;10652
04030417;Charlottenburg-Wilmersdorf;;;Schloßstraße;9908;9849;9786;9775;9805;9920;9986;10055;10257;10276;10287;10426;10615;10758;10835;10927;10947;10976
04030518;Charlottenburg-Wilmersdorf;;Mierendorffplatz;Tegeler Weg;9020;8913;9029;8912;8865;8852;8923;8967;8998;8886;8942;9110;9209;9313;9428;9417;9473;9581
04030519;Charlottenburg-Wilmersdorf;;;Kaiserin-Augusta-Allee;4886;4867;4881;4881;4831;4954;4909;5019;5123;5157;5172;5406;5532;5597;5680;5734;5825;5901
04030620;Charlottenburg-Wilmersdorf;;Otto-Suhr-Allee;Alt-Lietzow;8329;8296;8273;8209;8173;8235;8306;8297;8293;8248;8338;8386;8477;8480;8450;8597;8778;8887
04030621;Charlottenburg-Wilmersdorf;;;Spreestadt;2705;2661;2654;2698;2734;2752;2703;2753;2830;2876;2903;2949;3009;2984;2956;3021;3008;3026
04030622;Charlottenburg-Wilmersdorf;;;Richard-Wagner-Straße;9791;9681;9596;9665;9674;9709;9739;9786;9784;9808;9826;10002;10059;10186;10268;10459;10709;10833
04030623;Charlottenburg-Wilmersdorf;;;Ernst-Reuter-Platz;4096;4057;4089;4094;4113;4169;4262;4198;4221;4185;4211;4314;4463;4544;4616;4788;5012;5049
04030724;Charlottenburg-Wilmersdorf;;Neue Kantstraße;Lietzensee;6348;6350;6309;6349;6336;6265;6305;6284;6264;6279;6266;6256;6250;6294;6354;6416;6569;6490
04030725;Charlottenburg-Wilmersdorf;;;Amtsgerichtsplatz;11095;11157;11032;11118;11145;11184;11212;11288;11261;11277;11372;11565;11673;11822;11929;12128;12287;12302
04030726;Charlottenburg-Wilmersdorf;;;Droysenstraße;5052;5050;5099;5114;5145;5150;5178;5174;5097;5093;5186;5253;5391;5407;5429;5426;5695;5795
04030827;Charlottenburg-Wilmersdorf;;Kantstraße;Karl-August-Platz;10685;10591;10580;10578;10576;10605;10739;10765;10918;10924;11107;11452;11565;11852;12074;12238;12360;12235
04030828;Charlottenburg-Wilmersdorf;;;Savignyplatz;9299;9225;9175;9180;9125;9190;9193;9161;9061;9027;9137;9239;9308;9315;9333;9491;9595;9668
04030929;Charlottenburg-Wilmersdorf;;Kurfürstendamm;Hindemithplatz;5956;5959;5850;5790;5893;5978;5958;5924;5856;5811;5635;5983;5836;5838;5768;5981;6079;6072
04030930;Charlottenburg-Wilmersdorf;;;George-Grosz-Platz;5605;5560;5489;5541;5487;5436;5345;5324;5304;5316;5288;5309;5373;5444;5563;5600;5553;5649
04030931;Charlottenburg-Wilmersdorf;;;Breitscheidplatz;3419;3367;3369;3343;3357;3341;3362;3377;3409;3431;3410;3418;3453;3432;3651;3915;3791;3711
04031032;Charlottenburg-Wilmersdorf;;Halensee;Halensee;13944;13982;13886;13894;13980;13962;13865;13901;13992;14026;14141;14349;14486;14638;14670;14931;15346;15628
04041133;Charlottenburg-Wilmersdorf;CW4;Grunewald;Güterbahnhof Grunewald;64;69;63;57;63;53;54;55;58;50;43;35;38;44;33;43;40;60
04041134;Charlottenburg-Wilmersdorf;;;Bismarckallee;4529;4478;4551;4628;4737;4723;4738;4665;4670;4648;4699;4744;4883;4979;5073;5156;5277;5228
04041135;Charlottenburg-Wilmersdorf;;;Hundekehle;2597;2562;2583;2629;2647;2753;2700;2717;2768;2732;2756;2767;2730;2762;2735;2739;2792;2829
04041136;Charlottenburg-Wilmersdorf;;;Hagenplatz;2873;2829;2905;2909;2882;2875;2867;2907;2913;2868;2893;2912;2951;2990;3003;3033;3045;3072
04041137;Charlottenburg-Wilmersdorf;;;Flinsberger Platz;7664;7670;7684;7650;7661;7644;7607;7528;7443;7518;7564;7700;7741;7729;7870;7976;8149;8280
04041238;Charlottenburg-Wilmersdorf;;Schmargendorf;Kissinger Straße;5088;5144;5241;5107;5148;5098;5130;5156;5293;5305;5433;5492;5505;5597;5650;5907;6010;6086
04041239;Charlottenburg-Wilmersdorf;;;Stadion Wilmersdorf;181;181;180;167;176;143;129;113;117;100;154;168;186;186;190;213;198;353
04041240;Charlottenburg-Wilmersdorf;;;Messelpark;1585;1558;1591;1578;1596;1566;1568;1512;1522;1505;1556;1545;1500;1551;1522;1533;1512;1522
04041241;Charlottenburg-Wilmersdorf;;;Breite Straße;6436;6370;6338;6328;6294;6328;6289;6289;6326;6353;6545;6715;6832;6952;7020;6904;7008;7031
04041342;Charlottenburg-Wilmersdorf;;Wiesbadener Straße;Schlangenbader Straße;4171;4187;4110;4063;3985;3980;4029;4026;4019;4020;3976;4025;3942;3974;4025;4115;4132;4141
04041343;Charlottenburg-Wilmersdorf;;;Binger Straße;3515;3521;3489;3511;3530;3472;3477;3452;3523;3502;3469;3510;3487;3540;3548;3547;3541;3556
04041344;Charlottenburg-Wilmersdorf;;;Rüdesheimer Platz;10480;10553;10389;10428;10361;10392;10476;10565;10553;10524;10519;10562;10545;10660;10699;10642;10703;10810
04051445;Charlottenburg-Wilmersdorf;CW5;Düsseldorfer Straße;Eisenzahnstraße;5575;5590;5533;5533;5630;5590;5581;5591;5624;5638;5760;5772;5904;6116;6253;6220;6221;6325
04051446;Charlottenburg-Wilmersdorf;;;Preußenpark;9755;9726;9757;9734;9818;9837;9774;9815;9816;9858;9869;10035;10189;10449;10527;10591;10663;10778
04051447;Charlottenburg-Wilmersdorf;;;Ludwigkirchplatz;4824;4865;4901;4836;4932;4930;4881;4886;4960;5032;5026;5112;5149;5173;5275;5228;5272;5365
04051448;Charlottenburg-Wilmersdorf;;;Schaperstraße;8883;8724;8655;8658;8625;8579;8594;8546;8521;8472;8533;8552;8741;8915;8997;9067;9241;9367
04051549;Charlottenburg-Wilmersdorf;;Barstraße;Rathaus Wilmersdorf;3943;3913;3937;3955;3929;3918;3941;3911;3975;4028;4056;4074;4124;4227;4781;5348;4678;4642
04051550;Charlottenburg-Wilmersdorf;;;Leon-Jessel-Platz;5095;5081;5089;5085;5140;5123;5137;5098;5218;5188;5192;5258;5336;5371;5413;5512;5617;5574
04051551;Charlottenburg-Wilmersdorf;;;Brabanter Platz;3983;4033;3991;3982;3955;3989;4087;4095;4114;4153;4211;4189;4221;4270;4337;4397;4470;4518
04051652;Charlottenburg-Wilmersdorf;;Volkspark Wilmersdorf;Nikolsburger Platz;9162;9106;9083;9166;9158;9174;9206;9182;9205;9161;9172;9248;9316;9490;9655;9700;9755;9914
04051653;Charlottenburg-Wilmersdorf;;;Prager Platz;6346;6393;6411;6335;6245;6332;6287;6278;6325;6359;6412;6413;6486;6623;6629;6684;6951;6993
04051654;Charlottenburg-Wilmersdorf;;;Wilhelmsaue;2842;2815;2866;2861;2884;2792;2858;2841;2856;2830;2817;2854;2925;2941;3016;3038;3048;3055
04051655;Charlottenburg-Wilmersdorf;;;Babelsberger Straße;6344;6339;6312;6314;6310;6258;6250;6325;6399;6504;6558;6664;6774;6911;6989;7063;7081;7300
04051656;Charlottenburg-Wilmersdorf;;;Hildegardstraße;7049;7038;7054;7110;7093;7112;7095;7164;7146;7137;7184;7336;7373;7474;7535;7568;7608;7698
04061757;Charlottenburg-Wilmersdorf;CW6;Forst Grunewald;Forst Grunewald;82;89;83;85;81;81;72;74;74;73;73;71;65;67;68;83;78;72
05010101;Spandau;SPA 1;Hakenfelde;Hakenfelde Nord;9276;9249;9171;9368;9453;9540;9487;9606;9610;9658;9717;9747;9823;9959;10550;10883;10901;10290
05010102;Spandau;;;Goltzstraße;5931;5828;5820;5801;5754;5717;5639;5605;5506;5530;5538;5566;5634;5671;5789;5885;5999;7193
05010103;Spandau;;;Amorbacher Weg;7430;7324;7389;7276;7179;7248;7343;7466;7399;7383;7467;7464;7369;7413;7393;7623;7716;7738
05010204;Spandau;;Falkenhagener Feld;Griesingerstr.;3097;3055;3037;3009;2914;2880;2921;3068;3041;3056;3162;3208;3217;3142;3180;3297;3605;3608
05010205;Spandau;;;An der Tränke;1691;1727;1757;1801;1847;1928;1915;1926;1918;1949;1949;1941;1911;1906;1902;1910;1926;1960
05010206;Spandau;;;Gütersloher Weg;10127;10183;9912;9826;9778;9469;9479;9478;9529;9700;9863;9946;9980;9945;10113;10246;10484;10613
05010207;Spandau;;;Darbystr.;11051;11112;11055;10969;10828;10839;10672;10691;10750;10853;10855;10930;10981;11116;11300;11492;11548;11618
05010208;Spandau;;;Germersheimer Platz;7177;7200;7207;7281;7193;7153;6924;6821;6771;6884;7072;7262;7444;7464;7482;7627;7714;7715
05010209;Spandau;;;An der Kappe;5969;6011;6039;6046;6034;6071;5930;5955;5924;5940;5903;5949;5964;6014;6063;6098;6122;6103
05010310;Spandau;;Spandau Mitte;Eckschanze;3503;3427;3473;3422;3392;3464;3433;3414;3431;3499;3574;3632;3694;3761;3833;3880;3931;3974
05010311;Spandau;;;Eiswerder;4116;4312;4521;4552;4642;4682;4553;4578;4692;4894;5053;5369;5383;5500;5566;5670;5658;5681
05010312;Spandau;;;Kurstr.;5987;5946;5918;5960;6042;5895;5827;5772;5665;5868;6109;6323;6594;6770;7016;7117;7212;7394
05010313;Spandau;;;Ackerstr.;6032;5966;5947;6025;6078;6061;5995;5948;5894;6078;6243;6349;6451;6497;6584;6704;6772;6916
05010314;Spandau;;;Carl-Schurz-Str.;11464;11484;11393;11227;11219;11059;10933;11017;10891;10909;11125;11267;11402;11671;11891;11968;12281;12412
05010339;Spandau;;;Freiheit;448;426;433;439;434;431;412;411;418;422;427;425;421;448;807;974;980;995
05020415;Spandau;SPA 2;Brunsbütteler Damm;Isenburger Weg;3310;3445;3502;3595;3694;3878;3928;3987;4028;4020;4018;3983;3954;3900;3926;3885;3889;3862
05020416;Spandau;;;Am Heideberg;1857;1871;1852;1833;1835;1812;1774;1786;1777;1763;1784;1794;1771;1736;1733;1709;1708;1685
05020417;Spandau;;;Staakener Str.;5486;5540;5559;5610;5637;5683;5675;5643;5551;5618;5545;5568;5682;5709;5787;5847;5936;5962
05020418;Spandau;;;Spandauer Str.;4004;4096;4077;4038;3995;4015;4043;3934;3960;4023;4014;4038;3967;3971;4032;4010;4123;4392
05020419;Spandau;;;Magistratsweg;7106;6938;6877;6891;6872;6824;6824;6744;6751;6745;6816;6767;6799;6897;6940;7032;7074;7117
05020420;Spandau;;;Werkstr.;809;795;842;802;848;924;969;972;930;950;942;933;924;929;914;929;981;969
05020521;Spandau;;Heerstraße Nord;Döberitzer Weg;2227;2258;2253;2190;2214;2367;2401;2444;2518;2608;2645;2720;2774;2876;3053;3095;3179;3235
05020522;Spandau;;;Pillnitzer Weg;6558;6562;6500;6347;5996;6052;6192;6142;6282;6390;6393;6332;6669;7117;7236;7364;7416;7436
05020523;Spandau;;;Maulbeerallee;10734;10923;11082;10883;10727;10590;10569;10810;10821;11080;11428;11583;11594;11613;11548;12413;12660;12761
05020524;Spandau;;;Weinmeisterhornweg;6598;6560;6516;6566;6490;6426;6313;6263;6210;6162;6106;6069;6039;6082;6139;6134;6254;6328
05020625;Spandau;;Wilhelmstadt;Borkumer Str.;7074;7062;7014;7002;6979;6852;6900;6847;6914;6972;7041;7128;7303;7417;7406;7482;7621;7664
05020626;Spandau;;;Adamstr.;16313;16286;16303;16428;16591;16344;16108;15958;15844;16144;16462;16874;17066;17174;18333;19359;19239;18379
05020627;Spandau;;;Tiefwerder;3705;3787;3755;3764;3804;3738;3662;3526;3614;3668;3750;3811;3826;3889;3979;4059;4349;4440
05020628;Spandau;;;Graetschelsteig;2217;2184;2155;2146;2093;2059;2035;2003;1993;1958;2036;2026;2033;1985;2002;1984;2031;2041
05020629;Spandau;;;Börnicker Str.;4493;4491;4464;4488;4418;4475;4424;4392;4391;4381;4341;4401;4383;4370;4406;4413;4484;4420
05030730;Spandau;SPA 3;Haselhorst;Zitadellenweg;2345;2569;2600;2742;2821;2910;2998;3043;3069;3204;3213;3439;3597;3786;3863;3938;4002;4026
05030731;Spandau;;;Gartenfelder Str.;10764;10843;10784;10721;10711;10698;10692;10542;10293;10486;10411;10672;11294;11499;11575;11622;11725;11699
05030832;Spandau;;Siemensstadt;Rohrdamm;10648;10629;10665;10679;10609;10431;10508;10592;10607;10738;10885;10987;11135;11346;11392;11692;11928;12065
05030833;Spandau;;;Motardstr.;926;1000;897;835;915;890;921;857;772;949;1014;867;1004;1407;1316;1545;699;512
05040934;Spandau;SPA 4;Gatow / Kladow;Alt-Gatow;3580;3569;3591;3650;3629;3611;3616;3596;3507;3474;3436;3414;3776;3984;3812;3965;3732;3539
05040935;Spandau;;;Groß-Glienicker Weg;388;388;401;403;408;408;403;396;391;391;389;385;393;418;409;415;448;454
05040936;Spandau;;;Jägerallee;6991;7292;7472;7507;7635;7776;7817;7979;8097;8089;8215;8430;8856;9324;9661;9855;9962;10014
05040937;Spandau;;;Kladower Damm;2196;2146;2129;2162;2113;2139;2110;2089;2056;2063;2129;2154;2164;2148;2125;2151;2193;2195
05040938;Spandau;;;Kafkastr.;3756;3782;3732;3728;3637;3594;3582;3644;3629;3595;3575;3552;3597;3565;3574;3670;3661;3675
06010101;Steglitz - Zehlendorf;Region A;Schloßstr.;Fichtenberg;6419;6428;6501;6520;6535;6519;6548;6558;6556;6518;6699;6797;6790;6820;6791;6829;6915;6964
06010102;Steglitz - Zehlendorf;;;Schloßstr.;8102;8103;8062;8150;8213;8059;8130;8139;8255;8331;8407;8515;8627;8755;8644;8788;8763;8836
06010103;Steglitz - Zehlendorf;;;Markelstr.;6029;5960;5957;5918;5977;6012;6077;6078;6069;6162;6183;6223;6255;6334;6285;6300;6343;6336
06010204;Steglitz - Zehlendorf;;Albrechtstr.;Munsterdamm;6292;6286;6233;6379;6402;6362;6446;6593;6631;6655;6665;6755;6859;6830;6854;6914;6953;6885
06010205;Steglitz - Zehlendorf;;;Südende;9405;9321;9247;9208;9195;9108;9083;9078;9149;9268;9327;9427;9516;9627;9480;9560;9682;9823
06010206;Steglitz - Zehlendorf;;;Stadtpark;7289;7216;7307;7294;7382;7374;7361;7361;7397;7417;7464;7582;7638;7638;7609;7685;7759;7745
06010207;Steglitz - Zehlendorf;;;Mittelstr.;7405;7445;7447;7578;7564;7568;7598;7603;7605;7671;7799;7820;7884;7863;7751;7771;7798;7850
06010208;Steglitz - Zehlendorf;;;Bergstr.;6383;6203;6241;6242;6209;6259;6234;6243;6315;6354;6402;6365;6352;6433;6484;6798;6746;6715
06010209;Steglitz - Zehlendorf;;;Feuerbachstr.;8569;8677;8592;8498;8429;8470;8509;8525;8615;8658;8746;8782;9035;9055;8987;9026;9197;9227
06010210;Steglitz - Zehlendorf;;;Bismarckstr.;4594;4553;4523;4484;4529;4479;4478;4545;4703;4740;4772;4791;4870;4887;4842;4874;4935;4939
06020301;Steglitz - Zehlendorf;Region B;Lankwitz;Alt-Lankwitz;4895;4906;4882;4875;4832;4853;4845;4768;4803;4866;4936;4938;4999;4985;4985;4994;5015;5034
06020302;Steglitz - Zehlendorf;;;Komponistenviertel Lankwitz;5436;5446;5366;5333;5384;5354;5332;5248;5273;5304;5309;5351;5376;5391;5451;5542;5544;5651
06020303;Steglitz - Zehlendorf;;;Lankwitz-Kirche;6871;6849;6836;6856;6842;6864;6914;6959;6917;7024;7065;7125;7177;7249;7320;7395;7432;7366
06020304;Steglitz - Zehlendorf;;;Kaiser-Wilhelm-Str.;6741;6614;6619;6636;6594;6705;6659;6580;6584;6667;6758;6817;6892;6887;6815;6744;6915;7211
06020305;Steglitz - Zehlendorf;;;Gemeindepark Lankwitz;10321;10329;10428;10509;10479;10443;10324;10332;10417;10545;10677;10942;11045;11139;11153;11433;11521;11414
06020306;Steglitz - Zehlendorf;;;Lankwitz-Süd;6549;6583;6531;6480;6482;6411;6454;6478;6448;6533;6497;6428;6424;6415;6396;6450;6485;6438
06020407;Steglitz - Zehlendorf;;Ostpreußendamm;Thermometersiedlung;4509;4552;4475;4405;4402;4434;4556;4594;4557;4651;4667;4893;4912;4824;4815;4593;4641;4644
06020408;Steglitz - Zehlendorf;;;Lichterfelde-Süd;6576;6549;6458;6353;6345;6457;6465;6461;6443;6458;6583;6588;6628;6477;6710;6827;6859;6922
06020409;Steglitz - Zehlendorf;;;Königsberger Str.;8331;8198;8293;8239;8135;8160;8116;8113;8099;8071;8028;8089;8179;8222;8092;8200;8277;8282
06020410;Steglitz - Zehlendorf;;;Oberhofer Platz;6887;6849;6789;6886;6778;6777;6746;6792;6803;6827;6859;6824;6861;6884;7027;7119;7141;7166
06020411;Steglitz - Zehlendorf;;;Schütte-Lanz-Str.;9045;9043;8937;8777;8666;8603;8546;8511;8527;8499;8481;8506;8496;8445;8348;8494;8586;8575
06030501;Steglitz - Zehlendorf;Region C;Teltower Damm;Berlepschstr.;5712;5710;5631;5664;5617;5579;5518;5543;5541;5528;5547;5523;5545;5582;5822;5898;5858;5748
06030502;Steglitz - Zehlendorf;;;Zehlendorf-Süd;5190;5161;5156;5215;5216;5135;5141;5168;5172;5103;5124;5147;5325;5450;5417;5555;5678;5640
06030503;Steglitz - Zehlendorf;;;Zehlendorf-Mitte;11468;11441;11225;11164;11203;10961;11093;10992;11072;11122;11120;11197;11253;11272;11335;11600;11865;11872
06030504;Steglitz - Zehlendorf;;;Teltower Damm;10874;10808;10885;10823;10823;10777;10776;10754;10832;10925;10960;10918;10875;10958;10970;11122;11097;11062
06030605;Steglitz - Zehlendorf;;Drakestr.;Botanischer Garten;6698;6651;6727;6687;6743;6762;6699;6679;6714;6708;6780;6847;6958;6933;6898;6935;6983;7108
06030606;Steglitz - Zehlendorf;;;Hindenburgdamm;4864;4843;4823;4872;4904;4891;4852;4851;4891;4959;4951;4987;5175;5275;5219;5223;5270;5273
06030607;Steglitz - Zehlendorf;;;Goerzwerke;2745;2795;2852;2811;2846;2978;3056;3079;3131;3180;3210;3224;3222;3241;3146;3020;3004;3118
06030608;Steglitz - Zehlendorf;;;Schweizer Viertel;8497;8614;8848;9017;9374;9772;9957;10172;10377;10850;11044;11413;11763;11970;12308;13113;13583;13667
06030609;Steglitz - Zehlendorf;;;Augustaplatz;11404;11360;11320;11402;11367;11367;11417;11381;11397;11489;11530;11559;11756;11847;11859;12047;12101;12208
06030610;Steglitz - Zehlendorf;;;Lichterfelde-West;7972;8037;7958;7888;7818;7980;7939;7944;7856;7896;8016;8099;8146;8159;8145;8103;8397;8502
06040701;Steglitz - Zehlendorf;Region D;Zehlendorf Südwest;Wannsee;9227;9188;9313;9233;9202;9178;9069;9026;9117;9298;9437;9514;9522;9631;9794;10113;10260;10246
06040702;Steglitz - Zehlendorf;;;Düppel;4949;5102;5084;5217;5206;5283;5155;5247;5408;5400;5500;5459;5397;5360;5315;5292;5501;5506
06040703;Steglitz - Zehlendorf;;;Nikolassee;9990;9928;9974;10178;10442;10557;10710;10923;10937;10673;10694;10692;10754;10716;10680;10851;11152;11156
06040804;Steglitz - Zehlendorf;;Zehlendorf  Nord;Krumme Lanke;7621;7583;7643;7646;7647;7600;7634;7625;7621;7544;7541;7596;7564;7483;7422;7585;7566;7609
06040805;Steglitz - Zehlendorf;;;Fischerhüttenstr.;5134;5132;5160;5156;5141;5172;5166;5166;5163;5151;5173;5208;5281;5278;5296;5405;5366;5345
06040806;Steglitz - Zehlendorf;;;Fischtal;7342;7376;7357;7372;7342;7237;7117;7140;7176;7249;7265;7208;7141;7227;7296;7299;7326;7313
06040807;Steglitz - Zehlendorf;;;Zehlendorf-Eiche;5177;5146;5120;5110;5161;5244;5516;5676;5688;5735;5739;5844;5790;5753;5728;5770;5828;5927
06040808;Steglitz - Zehlendorf;;;Hüttenweg;2751;2861;2979;3192;2870;2829;3377;3670;3980;4078;4103;4083;4135;4150;4348;4592;4612;4666
06040809;Steglitz - Zehlendorf;;;Thielallee;4833;4820;4828;4849;4894;4855;4884;4898;4900;4992;5041;5000;5041;4969;4979;5136;5080;4999
06040810;Steglitz - Zehlendorf;;;Dahlem;6486;6409;6399;6382;6394;6389;6473;6569;6579;6601;6593;6670;6742;6854;6949;7091;7042;7089
07010101;Tempelhof-Schöneberg;Schöneberg-Nord;Schöneberg-Nord;Wittenbergplatz/                Viktoria-Luise-Platz;9785;9708;9614;9518;9532;9562;9559;9466;9422;9387;9305;9213;9275;9397;9689;10130;9964;9984
07010102;Tempelhof-Schöneberg;;;Nollendorfplatz;16328;16272;16247;15924;15997;15970;15811;15881;15877;15731;15489;15037;15054;15450;15817;15907;16505;16634
07010103;Tempelhof-Schöneberg;;;Barbarossaplatz;10192;10231;10140;10078;10144;10126;10066;10084;10111;10040;9947;9743;9756;9956;10080;10257;10489;10641
07010104;Tempelhof-Schöneberg;;;Dennewitzplatz;12942;13048;13007;13093;12993;12907;13009;13251;13258;13285;13238;13008;13151;13512;13649;13701;13682;13820
07020201;Tempelhof-Schöneberg;Schöneberg-Süd;Schöneberg-Süd;Bayerischer Platz;10462;10432;10457;10388;10368;10431;10354;10348;10363;10335;10241;10293;10317;10335;10435;10496;10608;10705
07020202;Tempelhof-Schöneberg;;;Volkspark                          (Rudolf-Wilde-Park);9554;9539;9417;9139;9235;9196;9247;9315;9310;9434;9443;9521;9728;9832;10122;10237;10264;10310
07020203;Tempelhof-Schöneberg;;;Kaiser-Wilhelm-Platz;17666;17402;17217;17172;17123;17210;17173;17213;17349;17240;17106;16855;17090;17298;17659;17768;17935;18047
07020204;Tempelhof-Schöneberg;;;Schöneberger Insel;11304;10825;10826;10888;10963;11063;11130;11135;11331;11336;11176;11081;11242;11395;11751;11779;12032;12184
07030301;Tempelhof-Schöneberg;Friedenau;Friedenau;Friedenau;23118;23018;23063;22998;22954;23182;23283;23408;23592;23743;23577;23359;23641;23870;24069;24695;24768;24833
07030302;Tempelhof-Schöneberg;;;Ceciliengärten;8985;9015;9039;9061;9085;9076;8966;9173;9157;9092;9047;8996;9052;9151;9237;9351;9446;9439
07030303;Tempelhof-Schöneberg;;;Grazer Platz;11742;11753;11838;11849;11587;11501;11629;11707;11870;11955;11801;11905;11995;12073;12214;12334;12430;12399
07040401;Tempelhof-Schöneberg;Tempelhof;Tempelhof;Neu-Tempelhof;15554;15478;15530;15639;15625;15615;15556;15740;15933;15967;16094;16339;16845;17126;17775;18419;18077;18738
07040402;Tempelhof-Schöneberg;;;Lindenhofsiedlung;2150;2193;2189;2180;2126;2094;2058;2062;2086;2093;2062;2094;2071;2102;2114;2293;2356;2368
07040403;Tempelhof-Schöneberg;;;Manteuffelstr.;22496;22396;22280;22215;22270;21945;21896;21868;22195;22492;22617;22470;23013;23418;23662;23743;24044;24316
07040404;Tempelhof-Schöneberg;;;Marienhöhe;5021;5016;5026;4985;4960;4984;4935;4937;4935;4935;4981;5019;5058;5057;5062;5102;5129;5196
07040405;Tempelhof-Schöneberg;;;Rathaus Tempelhof;9511;9504;9402;9384;9458;9532;9620;9681;9844;10072;10172;10126;10329;10567;10900;11155;10925;11060
07040406;Tempelhof-Schöneberg;;;Germaniagarten;3039;2812;2721;2774;2809;2818;2800;2854;3043;3159;3321;3361;3455;3590;3797;3911;4041;4094
07050501;Tempelhof-Schöneberg;Mariendorf;Mariendorf;Rathausstr.;15317;15340;15266;15128;15145;15221;15148;15084;15196;15375;15493;15427;15668;15872;15881;16062;16367;16725
07050502;Tempelhof-Schöneberg;;;Fritz-Werner-Str.;7275;7319;7309;7324;7248;7297;7284;7310;7322;7467;7526;7541;7672;7700;8030;8120;8262;8119
07050503;Tempelhof-Schöneberg;;;Eisenacher Str.;9084;9084;8921;8971;8970;8922;8871;8889;8859;8910;8965;8938;8974;9106;9123;9145;9180;9263
07050504;Tempelhof-Schöneberg;;;Imbrosweg;5821;5766;5732;5707;5599;5462;5400;5443;5513;5461;5464;5426;5422;5480;5554;5588;5632;5652
07050505;Tempelhof-Schöneberg;;;Hundsteinweg;10476;10482;10447;10326;10304;10372;10273;10223;10194;10266;10292;10358;10399;10460;10490;10586;10663;10673
07050506;Tempelhof-Schöneberg;;;Birnhornweg;2190;2172;2171;2174;2165;2169;2170;2203;2151;2151;2187;2226;2192;2209;2239;2305;2275;2287
07060601;Tempelhof-Schöneberg;Marienfelde;Marienfelde;Marienfelder Allee Nordwest;10449;10237;10238;10098;9868;9528;9430;9358;9261;9239;9598;9819;9878;9901;9934;10109;10145;10199
07060602;Tempelhof-Schöneberg;;;Kirchstr.;4435;4488;4456;4441;4403;4373;4348;4482;4562;4521;4564;4523;4608;4606;4642;4638;4687;4703
07060603;Tempelhof-Schöneberg;;;Marienfelde Nordost;2896;2763;2753;2752;2707;2672;2678;2670;2719;2715;2694;2716;2727;2740;2813;3176;3089;2861
07060604;Tempelhof-Schöneberg;;;Marienfelde Süd;14085;14068;13881;13784;13675;13667;13690;13561;13234;13427;13472;13472;13503;13843;14246;14304;14494;14592
07070701;Tempelhof-Schöneberg;Lichtenrade;Lichtenrade;Kettinger Str./Schillerstr.;10670;10622;10509;10561;10469;10443;10413;10324;10274;10331;10282;10290;10416;10408;10363;10474;10559;10526
07070702;Tempelhof-Schöneberg;;;Alt-Lichtenrade/                 Töpchiner Weg;10687;10674;10532;10499;10378;10225;10211;10198;10167;10199;10106;10128;10150;10151;10471;10801;10835;10931
07070703;Tempelhof-Schöneberg;;;John-Locke-Str.;8358;8226;8096;8022;7929;7876;7881;7831;7749;7791;7793;7811;7652;7480;7380;7304;7424;7640
07070704;Tempelhof-Schöneberg;;;Nahariyastr.;8100;8208;8186;8022;7737;7488;7157;7387;7541;7514;7810;7891;8033;8128;8208;8390;8521;8547
07070705;Tempelhof-Schöneberg;;;Franziusweg/ Rohrbachstr.;6824;6931;7045;7075;7045;7082;7052;7105;6986;6975;7061;7026;7070;7008;7019;6973;7012;7031
07070706;Tempelhof-Schöneberg;;;Horstwalder Str./               Paplitzer Str. ;3934;3895;3901;3819;3787;3782;3818;3703;3765;3716;3644;3636;3620;3723;3899;3919;3946;3936
07070707;Tempelhof-Schöneberg;;;Wittelsbacherstr.;3037;3036;3056;3070;3107;3049;3036;2974;2928;2891;2793;2780;2766;2823;2837;2936;2953;2976
08010115;Neukölln;Neukölln;Schillerpromenade;Hasenheide;812;819;818;768;816;843;819;804;800;802;808;845;829;867;872;874;860;880
08010116;Neukölln;;;Wissmannstraße;3457;3416;3421;3429;3381;3331;3359;3388;3442;3337;3428;3493;3517;3524;3572;3576;3582;3697
08010117;Neukölln;;;Schillerpromenade;13983;13994;14242;14494;14609;14502;14652;14947;15170;14916;15359;15749;16117;16108;16243;15949;16152;16138
08010118;Neukölln;;;Silbersteinstraße;10202;10212;10114;10123;10465;10598;10562;10594;10759;10719;11042;11235;11466;11773;12019;11755;11895;11891
08010211;Neukölln;;Neuköllner Mitte/Zentrum;Flughafenstraße;8767;8743;8885;8815;8924;9028;9162;9236;9360;9233;9492;9836;10021;10204;10170;9929;10007;10029
08010212;Neukölln;;;Rollberg;7136;7075;7034;6859;6853;6952;6935;6957;6921;6975;7221;7322;7389;7474;7518;7432;7441;7475
08010213;Neukölln;;;Körnerpark;10689;10914;10911;10933;10978;10962;11116;11275;11555;11647;12029;12284;12586;12812;12764;12649;12673;12455
08010214;Neukölln;;;Glasower Straße;6824;6890;6910;6968;7105;7183;7227;7361;7327;7404;7721;7908;8194;8249;8238;8063;8041;8197
08010301;Neukölln;;Reuterstraße;Reuterkiez;26186;26353;26256;26423;26642;26721;26908;27088;26914;26408;26939;27427;27877;28139;27973;27792;27832;27732
08010302;Neukölln;;;Bouchéstraße;3650;3618;3608;3604;3585;3591;3541;3578;3606;3638;3663;3690;3732;3780;3735;3670;3734;3696
08010303;Neukölln;;;Donaustraße;7592;7662;7574;7488;7571;7457;7720;7854;7818;7769;7909;8267;8482;8552;8668;8512;8555;8418
08010404;Neukölln;;Rixdorf;Rixdorf;20197;20384;20470;20425;20321;20596;20594;21180;21434;21572;22327;22884;23162;23397;23596;23647;23936;23741
08010405;Neukölln;;;Hertzbergplatz;7635;7571;7533;7427;7562;7710;8219;8247;8375;8379;8588;8917;8973;9035;9178;9145;9048;9049
08010406;Neukölln;;;Treptower Straße Nord;6185;6075;6087;5981;5905;5914;6018;6056;6176;6303;6547;6718;6870;7031;7085;7071;7172;7143
08010407;Neukölln;;;Gewerbegebiet Ederstraße;690;672;694;680;677;675;701;735;736;735;752;765;794;801;822;835;787;799
08010508;Neukölln;;Köllnische Heide;Weiße Siedlung;4588;4639;4631;4522;4500;4340;4550;4859;4944;5008;5145;5258;5318;5474;5626;5614;5653;5772
08010509;Neukölln;;;Schulenburgpark;8179;8122;8036;7838;7529;7284;7114;7596;8583;8900;9111;9315;9373;9508;9555;9489;9532;9459
08010510;Neukölln;;;Gewerbegebiet Köllnische Heide;265;265;243;266;237;249;269;262;293;321;348;364;386;383;401;502;481;480
08020619;Neukölln;Britz/Buckow;Britz;Buschkrugallee Nord;8923;8988;8955;8876;8838;8921;8991;9058;9159;9289;9483;9713;9934;10579;10983;10947;11006;11646
08020620;Neukölln;;;Tempelhofer Weg;8512;8575;8562;8567;8411;8489;8553;8562;8616;8648;8839;9069;9160;9226;9294;9286;9266;9354
08020621;Neukölln;;;Mohriner Allee Nord;2275;2235;2255;2372;2356;2316;2330;2353;2375;2354;2334;2326;2326;2318;2293;2322;2324;2346
08020622;Neukölln;;;Parchimer Allee ;14229;14225;14194;14085;14052;13899;13900;13864;13791;13800;14023;14114;14098;14195;14321;14255;14238;14211
08020623;Neukölln;;;Ortolanweg;1395;1397;1360;1339;1257;1229;1226;1215;1204;1256;1267;1263;1262;1264;1270;1289;1279;1281
08020624;Neukölln;;;Britzer Garten;963;932;956;965;962;880;983;997;1005;985;1022;1076;1127;1142;1157;1265;1395;1410
08020625;Neukölln;;;Handwerker-Siedlung;3195;3152;3122;3129;3072;3123;3066;3100;3101;3122;3217;3287;3331;3331;3327;3337;3349;3319
08020726;Neukölln;;Buckow;Buckow West;8479;8332;8316;8340;8264;8169;8179;8144;8188;8165;8245;8199;8276;8291;8332;8344;8356;8403
08020727;Neukölln;;;Buckow Mitte;11596;11496;11319;11318;11326;11358;11270;11230;11154;11198;11278;11346;11387;11436;11458;11651;11966;12013
08020728;Neukölln;;;Buckow Ost;8060;8051;8002;7959;7789;7719;7597;7603;7607;7689;7893;8135;8249;8286;8321;8444;8576;8851
08030829;Neukölln;Gropiusstadt;Gropiusstadt;Gropiusstadt Nord;12402;12304;12293;12132;12088;12099;12057;12088;12186;12094;12176;12149;12277;12327;12445;12454;12523;12437
08030830;Neukölln;;;Gropiusstadt Süd;7354;7266;7233;7252;7286;7307;7172;7119;7155;7095;7236;7258;7245;7272;7255;7321;7398;7415
08030831;Neukölln;;;Gropiusstadt Ost;16943;16923;16745;16693;16969;16820;16698;16774;16557;16281;16633;16851;16885;16867;17036;17099;17102;17564
08040932;Neukölln;Buckow Nord/ Rudow;Buckow Nord;Goldhähnchenweg;2887;2858;2810;2777;2733;2693;2711;2692;2662;2749;2740;2778;2761;2757;2800;2879;2846;2868
08040933;Neukölln;;;Vogelviertel Süd;3869;3873;3892;3832;3902;3884;3845;3859;3887;3884;3927;3925;3941;3941;3963;4129;4202;4157
08040934;Neukölln;;;Vogelviertel Nord;2680;2713;2649;2681;2691;2607;2607;2634;2621;2614;2585;2613;2679;2686;2700;2688;2678;2679
08041035;Neukölln;;Rudow;Blumenviertel;7763;7671;7655;7673;7640;7657;7664;7664;7615;7478;7519;7603;7682;7847;8023;8103;8187;8239
08041036;Neukölln;;;Zittauer Straße;7287;7207;7212;7215;7160;7065;7010;7026;7000;6964;6878;6809;6829;6802;6794;6765;6860;6866
08041037;Neukölln;;;Alt-Rudow;10048;10015;9996;9922;9795;9746;9712;9730;9645;9530;9581;9599;9626;9632;9563;9682;9677;9865
08041038;Neukölln;;;Waßmannsdorfer Chaussee;6308;6458;6517;6594;6565;6571;6484;6422;6354;6364;6321;6386;6459;6690;6862;6913;6945;7011
08041039;Neukölln;;;Frauenviertel;3085;3222;3156;3032;3050;3145;3222;3347;3562;3566;3596;3578;3608;3725;3861;3858;3863;3870
08041040;Neukölln;;;Waltersdorfer Chaussee Ost;8593;8615;8527;8376;8261;8098;8058;8021;7993;8013;8023;8002;7925;7991;7969;7987;7970;7930
09010101;Treptow-Köpenick;Treptow- Köpenick 1;Alt  Treptow;Elsenstr.;9037;8999;9095;9373;9794;9979;10216;10267;10318;10510;10788;10981;11160;11330;11598;11934;12265;12471
09010102;Treptow-Köpenick;;;Am Treptower Park Nord;42;39;31;40;37;36;45;46;63;71;71;68;72;71;70;70;73;69
09010201;Treptow-Köpenick;;Plänterwald;Am Treptower Park Süd;3932;3951;3992;4000;3968;4003;3988;4047;4087;4133;4147;4199;4228;4252;4258;4319;4320;4341
09010202;Treptow-Köpenick;;;Köpenicker Landstraße;7031;6939;6909;6854;6769;6693;6640;6574;6653;6662;6607;6670;6639;6722;6727;6823;6851;6980
09010301;Treptow-Köpenick;;Baumschulenweg;Baumschulenstraße;13450;13406;13446;13691;13661;13676;13720;13816;14099;14134;14286;14481;14588;14704;15118;15387;15577;15668
09010302;Treptow-Köpenick;;;Späthsfelde;2639;2694;2792;2784;2834;2870;2871;2924;2910;2922;2900;2891;2892;2943;2904;2906;2927;2894
09010401;Treptow-Köpenick;;Johannisthal;Johannisthal West;7973;7951;7926;7998;7943;7901;7829;7682;7693;7678;7788;7795;7851;7844;7961;8203;8451;8503
09010402;Treptow-Köpenick;;;Johannisthal Ost;8742;8614;8562;8609;8971;9361;9722;9949;10223;10255;10466;10573;10619;10737;11074;11480;11454;11436
09020501;Treptow-Köpenick;Treptow- Köpenick 2;Oberschöneweide;Oberschöneweide West;4595;4595;4720;4864;4740;4780;4748;4867;5042;5241;5464;5693;5934;6147;6336;6683;6874;7398
09020502;Treptow-Köpenick;;;Oberschöneweide Ost;10773;10945;11186;11509;11884;11977;12096;12373;12696;13040;13455;13814;14022;14214;14493;14865;15422;15732
09020601;Treptow-Köpenick;;Niederschöneweide;Schnellerstr;6218;6264;6509;6498;6545;6519;6518;6529;6681;6775;7022;7169;7215;7437;7440;7658;8318;8970
09020602;Treptow-Köpenick;;;Oberspree;3809;3750;3702;3679;3602;3581;3498;3477;3467;3457;3424;3431;3410;3434;3534;3512;3543;3587
09020701;Treptow-Köpenick;;Adlershof;Adlershof West;253;240;256;257;269;253;273;244;238;247;251;241;262;508;632;1259;2279;2763
09020702;Treptow-Köpenick;;;Adlershof Ost;14314;14427;14770;14993;14965;14896;14811;14879;14860;14979;15043;15282;15477;15934;15956;16091;16446;16805
09020801;Treptow-Köpenick;;Kölln. Vorstadt/Spindlersf.;Spindlersfeld;2792;2804;2745;2778;2806;2787;2760;2728;2721;2736;2732;2792;2883;2881;2920;2935;2920;2948
09020802;Treptow-Köpenick;;;Kölln. Vorstadt                ;6507;6554;6514;6463;6475;6541;6603;6735;6798;6909;7030;7100;7188;7268;7406;7737;7861;7916
09030901;Treptow-Köpenick;Treptow-Köpenick 3;Altglienicke;Dorf Altglienicke;11054;11155;11261;11239;11369;11471;11475;11488;11613;11760;11922;12211;12251;12317;12772;12998;13241;13213
09030902;Treptow-Köpenick;;;Wohngebiet II;6741;6430;6246;6200;6049;5952;5789;5795;5699;5669;5641;5778;5786;5827;5810;5667;5745;5665
09030903;Treptow-Köpenick;;;Kölner Viertel;8026;7774;7674;7476;7433;7512;7737;7899;7882;7811;7789;7742;7826;7800;7755;8063;8036;8167
09031001;Treptow-Köpenick;;Bohnsdorf;Bohnsdorf;10966;11159;11226;11479;11543;11864;11791;11724;11756;11848;11879;12023;12087;12240;12421;12776;12851;13117
09031101;Treptow-Köpenick;;Grünau;Grünau;5525;5534;5419;5470;5410;5361;5489;5493;5409;5418;5408;5563;5585;5649;5786;6041;6317;6530
09031201;Treptow-Köpenick;;Schmöckwitz/Karolinenhof/Rauchfangswerder;Karolinenhof;1721;1724;1768;1793;1797;1804;1776;1761;1777;1758;1746;1753;1760;1764;1765;1799;1822;1833
09031202;Treptow-Köpenick;;;Schmöckwitz/Rauchfangswerder;2165;2201;2226;2264;2244;2351;2371;2334;2309;2304;2322;2288;2307;2351;2431;2475;2538;2577
09041301;Treptow-Köpenick;Treptow-Köpenick  4;Köpenick-Süd;Kietzer Feld/Nachtheide;14417;14192;14202;14134;13993;14032;13905;13844;13854;13825;13885;13815;13808;13933;14281;14437;14556;14701
09041302;Treptow-Köpenick;;;Wendenschloß;1735;1795;1769;1765;1731;1770;1801;1795;1768;1827;1795;1784;1778;1792;1806;1812;1891;1898
09041401;Treptow-Köpenick;;Allende-Viertel;Allende I;5060;4985;4885;4817;4742;4702;4718;4723;4703;4639;4621;4587;4680;4845;4787;4962;4720;4833
09041402;Treptow-Köpenick;;;Allende II;1727;1694;1674;1643;1610;1619;1594;1603;1563;1562;1518;1520;1510;1480;1464;1485;1498;1558
09041501;Treptow-Köpenick;;Altstadt-Kietz;Altstadt-Kietz;6484;6542;6557;6566;6586;6547;6559;6586;6632;6775;6858;6950;6990;7173;7197;7382;7646;7712
09041601;Treptow-Köpenick;;Müggelheim;Müggelheim;6000;6082;6172;6230;6246;6350;6443;6350;6490;6472;6463;6540;6530;6522;6578;6582;6691;6755
09051701;Treptow-Köpenick;Treptow-Köpenick 5;Friedrichshagen;Hirschgarten;3557;3519;3517;3484;3515;3516;3536;3519;3520;3501;3477;3439;3530;3522;3596;3583;3716;4052
09051702;Treptow-Köpenick;;;Bölschestraße;13240;13294;13295;13259;13431;13641;13643;13780;13879;13982;14052;13999;14156;14383;14401;14685;14823;15002
09051801;Treptow-Köpenick;;Rahnsdorf/Hessenwinkel;Rahnsdorf/Hessenwinkel;8831;8840;8930;8977;8950;8776;8838;8917;8895;8878;8948;8956;8998;9041;9258;9393;9499;9477
09051901;Treptow-Köpenick;;Dammvorstadt;Dammvorstadt;9294;9201;9186;9124;9040;8945;8845;8930;9063;9236;9338;9434;9679;10075;10346;10747;11002;11304
09052001;Treptow-Köpenick;;Köpenick-Nord;Köpenick-Nord;12312;12241;12350;12272;12143;12243;12327;12400;12392;12360;12351;12282;12250;12300;12452;12775;12826;12900
10010101;Marzahn-Hellersdorf;Marzahn ;Marzahn-Nord;Marzahn-West;5043;4967;5200;5158;5081;5122;5267;5469;5471;5530;5566;5560;5591;5545;5619;5671;5706;5752
10010102;Marzahn-Hellersdorf;;;Havemannstr.;19858;19287;17205;17018;17479;17373;17134;17031;16985;16980;17027;17233;17592;17726;17840;17831;18425;18455
10010203;Marzahn-Hellersdorf;;Marzahn-Mitte;Gewerbegebiet Bitterfelder Str.;426;328;93;154;227;260;192;271;349;563;668;656;661;788;1291;1379;1590;1330
10010204;Marzahn-Hellersdorf;;;Wuhletalstr.;9778;9569;9865;9960;10098;10058;9910;9974;9961;10034;10039;10065;10178;10220;10365;10479;10675;10747
10010205;Marzahn-Hellersdorf;;;Marzahn-Ost;8588;8336;8371;8230;8055;7856;7724;7502;7508;7566;7727;7840;8020;8035;8265;8319;8167;8172
10010206;Marzahn-Hellersdorf;;;Ringkolonnaden;17686;17124;16779;16576;16221;15618;15553;15461;15560;15662;16185;16322;16423;16406;16920;17015;17609;17600
10010207;Marzahn-Hellersdorf;;;Marzahner Promenade;10652;10624;10833;10560;10395;10549;10437;10442;10417;10562;10552;10498;10596;10655;10711;10762;10759;10733
10010308;Marzahn-Hellersdorf;;Marzahn-Süd;Marzahner Chaussee;1649;1610;1606;1618;1593;1577;1641;1658;1622;1656;1684;1693;1766;2148;2126;2329;2270;2187
10010309;Marzahn-Hellersdorf;;;Springpfuhl;14248;14118;14242;14516;14308;14358;14291;14276;14220;14218;14314;14340;14496;14403;14340;14378;14391;14391
10010310;Marzahn-Hellersdorf;;;Alt-Marzahn;17304;17269;17474;17400;17164;17162;17126;17031;17015;17062;17079;17293;17505;17603;17740;17818;18267;18199
10010311;Marzahn-Hellersdorf;;;Landsberger Tor;3024;2860;2743;2661;2604;2771;3039;3032;3012;2987;2927;2957;2958;2944;2919;2932;3266;3695
10020412;Marzahn-Hellersdorf;Hellersdorf;Hellersdorf-Nord;Alte Hellersdorfer Straße;6067;5935;5964;5904;5937;5707;5418;5424;5539;5831;6152;6333;6440;6617;6791;6736;6810;6835
10020413;Marzahn-Hellersdorf;;;Gut Hellersdorf;16381;15834;15161;14752;14573;14577;14662;14361;14194;14228;14377;14708;14829;14967;15139;15530;15797;16114
10020414;Marzahn-Hellersdorf;;;Helle Mitte;1660;1628;1549;1584;1696;1757;1796;1747;1680;1649;1670;1639;1677;1658;1638;1660;1680;1676
10020415;Marzahn-Hellersdorf;;;Hellersdorfer Promenade;5264;5204;5209;5558;5314;5168;4971;4848;4753;5003;5183;5205;5285;5304;5462;5550;5694;5776
10020416;Marzahn-Hellersdorf;;;Böhlener Str.;5223;4758;4207;3963;4082;4066;4054;4072;4421;4935;5146;5268;5282;5406;5584;5547;5587;5646
10020517;Marzahn-Hellersdorf;;Hellersdorf-Ost;Adele-Sandrock-Str.;10439;10242;10033;9735;9529;9354;9108;8959;8801;8736;8818;8781;8810;8786;8753;8861;9181;9213
10020518;Marzahn-Hellersdorf;;;Schleipfuhl;5205;5144;5057;5098;5129;5143;5042;4712;4560;4609;4818;4975;4979;5045;5088;5167;5214;5314
10020519;Marzahn-Hellersdorf;;;Boulevard Kastanienallee;4160;4150;4477;4668;4656;4591;4466;4367;4328;4578;4608;4923;5357;5799;5951;6051;6180;6105
10020620;Marzahn-Hellersdorf;;Hellersdorf-Süd;Kaulsdorf-Nord II;3144;3154;3048;2997;2969;3016;3047;3032;3092;3100;3156;3301;3318;3357;3318;3299;3376;3367
10020621;Marzahn-Hellersdorf;;;Gelbes Viertel;6419;6115;5896;5817;5832;5805;5707;5543;5568;5555;5706;5827;5892;5915;6059;6071;6224;6329
10020622;Marzahn-Hellersdorf;;;Kaulsdorf-Nord I;9881;9761;9473;8995;8701;8582;8391;8402;8469;8440;8649;8728;8687;8717;8672;8631;8668;8634
10020623;Marzahn-Hellersdorf;;;Rotes Viertel;6983;6887;7019;6946;6831;6726;6650;6363;6513;6563;6564;6612;6517;6507;6558;6527;6538;6527
10030724;Marzahn-Hellersdorf;Biesdorf;Biesdorf;Oberfeldstr.;7949;7851;7602;7561;7697;7936;8240;8262;7762;7777;7840;7832;7851;7728;7778;7799;7782;7871
10030725;Marzahn-Hellersdorf;;;Buckower Ring;6691;6550;6414;6321;6072;5747;5700;5735;5645;5739;5811;5863;5950;5810;5844;6297;6250;6311
10030726;Marzahn-Hellersdorf;;;Alt-Biesdorf;2053;2255;2278;2301;2353;2393;2541;2593;2583;2537;2583;2674;2776;2844;2949;3009;3299;3497
10030727;Marzahn-Hellersdorf;;;Biesdorf-Süd;7245;7499;7794;7870;7929;8057;8188;8314;8553;8626;8754;8965;9112;9188;9181;9315;9425;9733
10040828;Marzahn-Hellersdorf;Kaulsdorf/Mahlsdorf;Kaulsdorf;Kaulsdorf-Nord;7656;7741;7681;7662;7667;7832;7752;7732;7700;7630;7720;7685;7649;7609;7621;7719;7787;7805
10040829;Marzahn-Hellersdorf;;;Alt-Kaulsdorf;3213;3254;3350;3476;3526;3552;3587;3575;3584;3591;3495;3582;3576;3583;3639;3762;3846;3923
10040830;Marzahn-Hellersdorf;;;Kaulsdorf-Süd;6996;7077;7151;7218;7316;7438;7464;7456;7448;7454;7460;7444;7370;7426;7534;7545;7624;7646
10040931;Marzahn-Hellersdorf;;Mahlsdorf;Mahlsdorf-Nord;8178;8377;8535;8609;8640;8794;8864;8833;8782;8818;8853;8925;9004;9124;9187;9323;9565;9714
10040932;Marzahn-Hellersdorf;;;Alt-Mahlsdorf;3855;3816;3816;3821;3825;3873;3862;3850;3837;3852;3877;3869;3888;3905;3960;3956;4046;4273
10040933;Marzahn-Hellersdorf;;;Mahlsdorf-Süd;13169;13474;13550;13854;14070;14309;14371;14310;14233;14154;14224;14283;14191;14405;14531;14747;14986;15169
11010101;Lichtenberg;Hohenschönhausen Nord;Malchow, Wartenberg und Falkenberg;Dorf Malchow;375;367;432;444;454;448;470;478;499;488;508;473;535;560;560;592;603;648
11010102;Lichtenberg; ;;Dorf Wartenberg;2225;2245;2399;2440;2454;2452;2441;2422;2343;2444;2422;2485;2513;2562;2553;2557;2560;2594
11010103;Lichtenberg;;;Dorf Falkenberg;694;798;905;979;1002;1107;1152;1172;1203;1215;1228;1284;1297;1285;1597;1604;1557;1541
11010204;Lichtenberg; ;Neu-Hohenschönhausen Nord;Falkenberg Ost;9499;9461;9390;9107;8915;8913;8767;8768;8542;8461;8470;8497;8631;8818;8852;8907;8975;8928
11010205;Lichtenberg;;;Falkenberg West;6812;6965;6987;6967;6996;6789;6631;6532;6505;6556;6582;6581;6652;6670;6696;6713;6679;6704
11010206;Lichtenberg;;;Wartenberg Süd;6699;6648;6598;6456;6279;6219;6121;5989;5937;5850;5771;5786;5827;5853;5866;5997;6064;6078
11010207;Lichtenberg;;;Wartenberg Nord;7334;7114;7016;7256;7064;6834;6691;6575;6553;6515;6577;6575;6729;6882;6996;7113;7474;7459
11010308;Lichtenberg;;Neu-Hohenschönhausen Süd;Zingster Straße Ost;11933;11813;11683;11565;11537;11320;11169;10975;11036;11098;11130;11116;11083;10996;11309;11771;11789;11808
11010309;Lichtenberg;;;Zingster Straße West;10321;10059;9782;9706;9686;9425;9408;9525;9539;9571;9501;9521;9545;9551;9578;9670;9740;9715
11010310;Lichtenberg;;;Mühlengrund;5892;5717;5515;5316;5238;5186;5182;5089;5316;5278;5257;5253;5280;5237;5183;5238;5338;5754
11020411;Lichtenberg;Hohenschönhausen Süd ;Alt-Hohenschönhausen Nord;Malchower Weg;7959;7852;7742;7531;7477;7434;7355;7379;7404;7371;7379;7426;7410;7779;8351;9242;9414;9461
11020412;Lichtenberg;;;Hauptstraße;7351;7038;6172;6064;6109;6108;5960;6026;6013;6027;6056;6083;6050;6088;6164;6410;6823;6827
11020513;Lichtenberg; ;Alt-Hohenschönhausen Süd;Orankesee;3148;3166;3283;3282;3348;3282;3312;3328;3373;3374;3369;3420;3446;3390;3786;4014;3958;3964
11020514;Lichtenberg;;;Große-Leege-Straße;7588;7519;7487;7453;7448;7454;7564;7674;7695;7735;8048;8103;8135;8286;8642;9074;9444;9628
11020515;Lichtenberg;;;Landsberger Allee;14575;14274;14306;14127;13863;13769;13795;13688;13656;13877;14018;14188;14223;14317;14349;14529;14669;14813
11020516;Lichtenberg;;;Weiße Taube;3728;3709;3608;3624;3761;3729;3738;3712;3657;3699;3739;3751;3730;3705;3730;3725;3843;4033
11030617;Lichtenberg;Lichtenberg Nord;Fennpfuhl;Hohenschönhausener Straße;5690;5695;6055;6066;6038;5910;5891;6011;5953;6009;6027;6021;6045;6124;6072;6044;6252;6310
11030618;Lichtenberg;;;Fennpfuhl West;15296;15171;15119;15153;15105;15120;15056;15048;15187;15361;15470;15610;15614;15750;15803;15954;16233;16424
11030619;Lichtenberg;;;Fennpfuhl Ost;10452;10378;10363;10321;10199;10079;9936;9775;9787;9917;10032;10258;10460;10596;10614;10784;10855;11012
11030720;Lichtenberg; ;Alt-Lichtenberg;Herzbergstraße;4020;3664;3359;3239;3433;3288;2929;2893;2884;2758;3090;3697;4431;5128;5588;5858;5456;5732
11030721;Lichtenberg;;;Rüdigerstraße;17541;17668;17590;17452;18318;19099;19260;19377;19202;19730;20149;20701;21422;21946;23547;25327;24712;25075
11030824;Lichtenberg;;Frankfurter Allee Süd;Frankfurter Allee Süd;9879;10066;9996;9934;9873;9745;9874;9884;9768;9713;9649;9814;10050;10004;9986;10019;10063;10084
11040925;Lichtenberg;Lichtenberg Mitte;Neu Lichtenberg;Victoriastadt;2614;2821;2946;2995;3023;3040;3051;3113;3210;3225;3256;3392;3492;3553;3656;3817;4138;4214
11040926;Lichtenberg;;;Weitlingstraße;23544;23747;23730;24164;24437;24451;24155;24625;25234;25490;25784;26348;26813;27214;27567;28022;28454;29258
11041022;Lichtenberg;;Friedrichsfelde Nord;Rosenfelder Ring;4764;4813;4900;4894;4800;4806;4856;4752;4627;4763;4924;4929;5032;5088;5336;5448;5532;5507
11041023;Lichtenberg;;;Gensinger Straße;5515;5633;5599;5549;5490;5466;5536;5615;5687;5710;5792;5781;5886;5902;5914;5980;6544;6692
11041027;Lichtenberg;;;Tierpark;2670;2623;2568;2520;2761;2811;2749;2666;2631;2571;2552;2713;2731;2738;2707;3033;2973;3022
11041128;Lichtenberg;;Friedrichsfelde Süd;Sewanstraße;25273;25429;25261;24892;25249;25162;24592;24319;23845;23902;23964;24411;24797;24697;24682;25108;25140;25613
11051229;Lichtenberg;Lichtenberg Süd;Rummelsburger Bucht;Rummelsburg;1724;1688;1762;1889;1944;2089;2272;2528;3011;3078;3207;3305;3355;3420;3423;3494;3766;4216
11051330;Lichtenberg;;Karlshorst;Karlshorst West;6819;6803;6762;6661;6772;6993;7168;7279;7397;7595;7756;7967;8137;8240;9002;9336;9513;9821
11051331;Lichtenberg;;;Karlshorst Nord;8178;8251;8383;8525;8666;8778;8823;8803;8800;8873;9081;9266;9427;9595;10383;11073;10788;10540
11051332;Lichtenberg;;;Karlshorst Süd;4578;4557;4569;4635;4663;4737;4904;5034;5132;5285;5492;5750;6080;6491;6650;6668;6897;7018
12103115;Reinickendorf;Reinickendorf-Ost;Ost 1 - Reginhardstr.;Breitkopfbecken;6997;7254;7151;7181;7261;7095;7014;6914;7046;7173;7296;7374;7409;7449;7508;7568;7638;7749
12103116;Reinickendorf;;;Hausotterplatz;8824;8748;8726;8617;8597;8513;8408;8427;8574;8637;8763;9012;8971;9180;9296;9479;9603;9871
12103117;Reinickendorf;;;Letteplatz;9183;9155;9142;9080;9151;9072;8954;9039;9028;9082;9326;9629;9740;10039;10301;10672;10864;10930
12103218;Reinickendorf;;Ost 2 - Alt-Reinickendorf;Teichstraße;12138;12165;12190;12318;12191;11966;12023;12096;12356;12443;12514;12775;12911;13017;13123;13515;13694;13835
12103219;Reinickendorf;;;Schäfersee;7725;7823;7789;7884;7888;7920;7895;7971;8028;8088;8257;8389;8524;8551;8585;8803;8817;8778
12103220;Reinickendorf;;;Humboldtstraße;4543;4482;4529;4448;4376;4396;4367;4445;4478;4522;4554;4541;4570;4588;4564;4601;4638;4633
12214125;Reinickendorf;Tegel;West 1 - Tegel-Süd/Flughafensee;Waldidyll/Flughafensee;6434;6296;6258;6249;6224;6137;6056;6075;6496;7100;6937;7089;6980;7005;7223;7315;7439;7497
12214126;Reinickendorf;;;Tegel-Süd;7430;7564;7610;7605;7567;7462;7468;7517;7440;7397;7544;7506;7467;7551;7586;7651;8026;8106
12214421;Reinickendorf;;West 4 - Auguste-Viktoria-Allee;Reinickes Hof;2112;2123;2101;2097;2132;2053;2173;2254;2319;2352;2394;2456;2515;2603;2573;2598;2716;2747
12214422;Reinickendorf;;;Klixstr.;7559;7518;7446;7361;7408;7287;7137;7176;7059;6832;7265;7522;7804;7688;7761;7955;8238;8224
12214423;Reinickendorf;;;Mellerbogen;5561;5473;5411;5426;5410;5345;5409;5425;5326;5386;5476;5506;5528;5534;5558;5517;5657;5694
12214424;Reinickendorf;;;Scharnweberstr.;9426;9380;9360;9361;9303;9255;9256;9246;9268;9345;9569;9736;9934;10325;10483;10663;10828;10833
12214527;Reinickendorf;;West 5 - Tegel/Tegeler Forst;Alt-Tegel;10252;10283;10123;9993;10035;9896;10015;10092;9892;9978;10000;10064;10198;10380;10499;10698;10829;10911
12214528;Reinickendorf;;;Tegeler Forst;88;95;99;103;111;161;182;211;182;189;192;205;227;253;292;252;263;256
12224229;Reinickendorf;Heiligensee-Konradshöhe;West 2 - Heiligensee-Konradshöhe;Konradshöhe/Tegelort;6039;6047;6027;6065;6085;6063;6009;5957;5875;5854;5939;5972;5988;6013;6028;6081;6040;6026
12224230;Reinickendorf;;;Heiligensee;17792;17793;17797;17875;17745;17681;17685;17610;17650;17630;17587;17707;17784;17860;17875;18043;17951;18072
12231101;Reinickendorf;Frohnau-Hermsdorf;Nord 1 - Frohnau/Hermsdorf;Hermsdorf;17153;17043;16951;17013;16909;16678;16579;16390;16305;16230;16113;16167;16213;16287;16298;16532;16603;16643
12231102;Reinickendorf;;;Frohnau;17205;17246;17312;17317;17263;17151;17049;16942;16653;16565;16571;16633;16695;16686;16723;16886;16874;16828
12301203;Reinickendorf;Waidmannslust;Nord 2 - Waidmannslust/Wittenau/Lübars;Wittenau-Süd;13489;13418;13468;13480;13332;13180;12932;12889;12937;13097;13393;13554;14212;14476;14815;15270;15054;15084
12301204;Reinickendorf;;;Wittenau-Nord;5967;6319;6369;6205;6018;6068;5897;5904;5999;6121;6174;6180;6220;6167;6357;6561;6246;6229
12301205;Reinickendorf;;;Waidmannslust;4872;4897;4900;4847;4879;4949;4933;4884;4839;4774;4742;4794;4848;4825;4886;4924;4958;5005
12301206;Reinickendorf;;;Lübars;5038;5021;5021;5022;4997;4982;4956;4908;4890;4846;4817;4806;4800;4969;5040;5120;5135;5185
12302107;Reinickendorf;;MV 1 - Märkisches Viertel;Schorfheidestr.;2830;2865;2854;2869;2915;2894;2865;2861;2903;2907;2869;2917;2998;3005;3006;3054;3063;3071
12302108;Reinickendorf;;;Märkisches Zentrum;13757;13649;13507;13366;13200;13132;13193;12774;13045;13428;13339;13392;13934;13526;13602;14505;14499;14578
12302109;Reinickendorf;;;Treuenbrietzener Str.;10166;10211;10432;10557;10360;10260;10265;9991;9354;9288;10014;10296;10692;11183;11253;11666;11653;11691
12302110;Reinickendorf;;;Dannenwalder Weg;9055;9054;9030;9166;8884;9079;9116;9263;9133;8768;9008;9273;9514;9957;10267;10481;10539;10574
12302211;Reinickendorf;;MV 2 - Rollbergesiedlung;Lübarser Straße;3402;3446;3472;3405;3404;3352;3301;3212;3203;3196;3164;3249;3266;3280;3316;3301;3315;3339
12302212;Reinickendorf;;;Rollbergesiedlung;5399;5363;5415;5378;5310;5107;5169;5008;4990;4887;4973;5217;5328;5472;5625;5929;5975;5964
12304313;Reinickendorf;;West 3 - Borsigwalde/Freie Scholle;Borsigwalde;6322;6288;6300;6360;6321;6360;6151;6239;6285;6319;6323;6379;6420;6452;6517;6619;6711;6735
12304314;Reinickendorf;;;Ziekowstraße/Freie Scholle;9753;9773;9787;9851;9851;9783;9692;9707;9650;9650;9614;9547;9635;9679;9657;9660;9731;9738
insgesamt;;;;;3337233;3336246;3330242;3333106;3339436;3348804;3353854;3362842;3369672;3387562;3427114;3469621;3517424;3562166;3610156;3670622;3711930;3748148
